name;sequence;location;status;reference;FTANS;FTELS;species;genus;family;order;class;phylum;kingdom
test;test;nucleus;MODEL;"<a href="" (https://doi.org/)"" target=""_blank""> (Name et al.)</a>";NA;NA;test;test;test;test;test;test;test
Chytridiaceae sp. PML-2015;TTAGGG;nucleus?;POTENTIAL;"<a href=""https://www.ncbi.nlm.nih.gov/Traces/index.html?view=run_browser&acc=SRR12278017&display=metadata"" target=""_blank"">SRR12278017</a>";1;1;NA;NA;Chytridiaceae;Chytridiales;Chytridiomycetes;Chytridiomycota;Fungi
Chytridiaceae sp. PML-2015;TGGTG;nucleus?;POTENTIAL;"<a href=""https://www.ncbi.nlm.nih.gov/Traces/index.html?view=run_browser&acc=SRR12278017&display=metadata"" target=""_blank"">SRR12278017</a>";0.414516129;0.414516129;NA;NA;Chytridiaceae;Chytridiales;Chytridiomycetes;Chytridiomycota;Fungi
Lotus aduncus;CTCGGTTATGGG;nucleus?;POTENTIAL;"<a href=""https://www.ncbi.nlm.nih.gov/Traces/index.html?view=run_browser&acc=ERR3427620&display=metadata"" target=""_blank"">ERR3427620</a>";0.142340169;1;Lotus aduncus;Lotus;Fabaceae;Fabales;Magnoliopsida;Tracheophyta;Plantae
Lotus aduncus;TTTAGGG;nucleus?;POTENTIAL;"<a href=""https://www.ncbi.nlm.nih.gov/Traces/index.html?view=run_browser&acc=ERR3427620&display=metadata"" target=""_blank"">ERR3427620</a>";0.056694813;0.398305085;Lotus aduncus;Lotus;Fabaceae;Fabales;Magnoliopsida;Tracheophyta;Plantae
Lotus aduncus;TGTGGG;nucleus?;POTENTIAL;"<a href=""https://www.ncbi.nlm.nih.gov/Traces/index.html?view=run_browser&acc=ERR3427620&display=metadata"" target=""_blank"">ERR3427620</a>";0.024125452;0.169491525;Lotus aduncus;Lotus;Fabaceae;Fabales;Magnoliopsida;Tracheophyta;Plantae
Lotus aduncus;TTAGGG;nucleus?;POTENTIAL;"<a href=""https://www.ncbi.nlm.nih.gov/Traces/index.html?view=run_browser&acc=ERR3427620&display=metadata"" target=""_blank"">ERR3427620</a>";0.02291918;0.161016949;Lotus aduncus;Lotus;Fabaceae;Fabales;Magnoliopsida;Tracheophyta;Plantae
Lotus aduncus;TTCAGGG;nucleus?;POTENTIAL;"<a href=""https://www.ncbi.nlm.nih.gov/Traces/index.html?view=run_browser&acc=ERR3427620&display=metadata"" target=""_blank"">ERR3427620</a>";0.010856454;0.076271186;Lotus aduncus;Lotus;Fabaceae;Fabales;Magnoliopsida;Tracheophyta;Plantae
Lotus aduncus;TTGGG;nucleus?;POTENTIAL;"<a href=""https://www.ncbi.nlm.nih.gov/Traces/index.html?view=run_browser&acc=ERR3427620&display=metadata"" target=""_blank"">ERR3427620</a>";0.007237636;0.050847458;Lotus aduncus;Lotus;Fabaceae;Fabales;Magnoliopsida;Tracheophyta;Plantae
Laminaria abyssalis;TTAGGG;nucleus?;POTENTIAL;"<a href=""https://www.ncbi.nlm.nih.gov/Traces/index.html?view=run_browser&acc=ERR3427622&display=metadata"" target=""_blank"">ERR3427622</a>";0.198124267;1;Laminaria abyssalis;Laminaria;Laminariaceae;Laminariales;Phaeophyceae;Ochrophyta;Chromista
Laminaria abyssalis;CTCGGTTATGGG;nucleus?;POTENTIAL;"<a href=""https://www.ncbi.nlm.nih.gov/Traces/index.html?view=run_browser&acc=ERR3427622&display=metadata"" target=""_blank"">ERR3427622</a>";0.100820633;0.50887574;Laminaria abyssalis;Laminaria;Laminariaceae;Laminariales;Phaeophyceae;Ochrophyta;Chromista
Laminaria abyssalis;TTTAGGG;nucleus?;POTENTIAL;"<a href=""https://www.ncbi.nlm.nih.gov/Traces/index.html?view=run_browser&acc=ERR3427622&display=metadata"" target=""_blank"">ERR3427622</a>";0.050410317;0.25443787;Laminaria abyssalis;Laminaria;Laminariaceae;Laminariales;Phaeophyceae;Ochrophyta;Chromista
Laminaria abyssalis;TTGGG;nucleus?;POTENTIAL;"<a href=""https://www.ncbi.nlm.nih.gov/Traces/index.html?view=run_browser&acc=ERR3427622&display=metadata"" target=""_blank"">ERR3427622</a>";0.022274326;0.112426036;Laminaria abyssalis;Laminaria;Laminariaceae;Laminariales;Phaeophyceae;Ochrophyta;Chromista
Laminaria abyssalis;TAGGG;nucleus?;POTENTIAL;"<a href=""https://www.ncbi.nlm.nih.gov/Traces/index.html?view=run_browser&acc=ERR3427622&display=metadata"" target=""_blank"">ERR3427622</a>";0.011723329;0.059171598;Laminaria abyssalis;Laminaria;Laminariaceae;Laminariales;Phaeophyceae;Ochrophyta;Chromista
Carpinus betulus;TTAGG;nucleus?;POTENTIAL;"<a href=""https://www.ncbi.nlm.nih.gov/Traces/index.html?view=run_browser&acc=ERR2022400&display=metadata"" target=""_blank"">ERR2022400</a>";0.672413793;1;Carpinus betulus;Carpinus;Betulaceae;Fagales;Magnoliopsida;Tracheophyta;Plantae
Carpinus betulus;TTTAGGG;nucleus?;POTENTIAL;"<a href=""https://www.ncbi.nlm.nih.gov/Traces/index.html?view=run_browser&acc=ERR2022400&display=metadata"" target=""_blank"">ERR2022400</a>";0.181034483;0.269230769;Carpinus betulus;Carpinus;Betulaceae;Fagales;Magnoliopsida;Tracheophyta;Plantae
Carpinus betulus;TTAGGG;nucleus?;POTENTIAL;"<a href=""https://www.ncbi.nlm.nih.gov/Traces/index.html?view=run_browser&acc=ERR2022400&display=metadata"" target=""_blank"">ERR2022400</a>";0.163793103;0.243589744;Carpinus betulus;Carpinus;Betulaceae;Fagales;Magnoliopsida;Tracheophyta;Plantae
Carpinus betulus;TGTGGG;nucleus?;POTENTIAL;"<a href=""https://www.ncbi.nlm.nih.gov/Traces/index.html?view=run_browser&acc=ERR2022400&display=metadata"" target=""_blank"">ERR2022400</a>";0.051724138;0.076923077;Carpinus betulus;Carpinus;Betulaceae;Fagales;Magnoliopsida;Tracheophyta;Plantae
Trogoderma variabile;TCAGG;nucleus?;POTENTIAL;"<a href=""https://www.ncbi.nlm.nih.gov/Traces/index.html?view=run_browser&acc=SRR6426880&display=metadata"" target=""_blank"">SRR6426880</a>";0.457746479;1;Trogoderma variabile;Trogoderma;Dermestidae;Coleoptera;Insecta;Arthropoda;Animalia
Trogoderma variabile;TTTAGGG;nucleus?;POTENTIAL;"<a href=""https://www.ncbi.nlm.nih.gov/Traces/index.html?view=run_browser&acc=SRR6426880&display=metadata"" target=""_blank"">SRR6426880</a>";0.112676056;0.246153846;Trogoderma variabile;Trogoderma;Dermestidae;Coleoptera;Insecta;Arthropoda;Animalia
Tribolium madens;TTACAG;nucleus?;POTENTIAL;"<a href=""https://www.ncbi.nlm.nih.gov/Traces/index.html?view=run_browser&acc=SRR6426884&display=metadata"" target=""_blank"">SRR6426884</a>";0.056179775;1;Tribolium madens;Tribolium;Tenebrionidae;Coleoptera;Insecta;Arthropoda;Animalia
Lucilia sericata;TTAGGG;nucleus?;POTENTIAL;"<a href=""https://www.ncbi.nlm.nih.gov/Traces/index.html?view=run_browser&acc=SRR6426863&display=metadata"" target=""_blank"">SRR6426863</a>";0.235849617;1;Lucilia sericata;Lucilia;Calliphoridae;Diptera;Insecta;Arthropoda;Animalia
Lucilia sericata;GTCTTA;nucleus?;POTENTIAL;"<a href=""https://www.ncbi.nlm.nih.gov/Traces/index.html?view=run_browser&acc=SRR6426863&display=metadata"" target=""_blank"">SRR6426863</a>";0.027498961;0.116595316;Lucilia sericata;Lucilia;Calliphoridae;Diptera;Insecta;Arthropoda;Animalia
Neamphius huxleyi;CTAGGG;nucleus?;POTENTIAL;"<a href=""https://www.ncbi.nlm.nih.gov/Traces/index.html?view=run_browser&acc=SRR496756&display=metadata"" target=""_blank"">SRR496756</a>";1;1;Neamphius huxleyi;Neamphius;Thoosidae;Tetractinellida;Demospongiae;Porifera;Animalia
Myzus persicae;TTAGG;nucleus;EXPERIMENTAL;"<a href=""https://doi.org/10.3897/CompCytogen.v8i4.8568"" target=""_blank""> Mandrioli et al. 2014</a>";NA;NA;Myzus persicae;Myzus;Aphididae;Hemiptera;Insecta;Arthropoda;Animalia
Alouatta pigra;TTAGGG;nucleus;EXPERIMENTAL;"<a href=""https://doi.org/10.1159/000163087"" target=""_blank""> Steinberg et al. 2008</a>";NA;NA;Alouatta pigra;Alouatta;Atelidae;Primates;Mammalia;Chordata;Animalia
Baikalobia copulatrix;TTAGGG;nucleus;EXPERIMENTAL;"<a href=""https://doi.org/10.1134/S1022795410090218"" target=""_blank"">Koroleva et al. 2021</a>";NA;NA;Baikalobia copulatrix;Baikalobia;Dendrocoelidae;Tricladida;NA;Platyhelminthes;Animalia
Baikalobia guttata;TTAGGG;nucleus;EXPERIMENTAL;"<a href=""https://doi.org/10.1134/S1022795410090218"" target=""_blank"">Koroleva et al. 2021</a>";NA;NA;Baikalobia guttata;Baikalobia;Dendrocoelidae;Tricladida;NA;Platyhelminthes;Animalia
Baikaloplana valida;TTAGGG;nucleus;EXPERIMENTAL;"<a href=""https://doi.org/10.1134/S1022795410090218"" target=""_blank"">Koroleva et al. 2021</a>";NA;NA;Baikaloplana valida;Baikaloplana;Dendrocoelidae;Tricladida;NA;Platyhelminthes;Animalia
Bdellocephala baikalensis;TTAGGG;nucleus;EXPERIMENTAL;"<a href=""https://doi.org/10.1134/S1022795410090218"" target=""_blank"">Koroleva et al. 2021</a>";NA;NA;Bdellocephala baikalensis;Bdellocephala;Dendrocoelidae;Tricladida;NA;Platyhelminthes;Animalia
Protocotylus sp.;TTAGGG;nucleus;EXPERIMENTAL;"<a href=""https://doi.org/10.1134/S1022795410090218"" target=""_blank"">Koroleva et al. 2021</a>";NA;NA;Protocotylus sp.;Protocotylus;Dendrocoelidae;Tricladida;NA;Platyhelminthes;Animalia
Rimacephalus arecepta;TTAGGG;nucleus;EXPERIMENTAL;"<a href=""https://doi.org/10.1134/S1022795410090218"" target=""_blank"">Koroleva et al. 2021</a>";NA;NA;Rimacephalus arecepta;Rimacephalus;Dendrocoelidae;Tricladida;NA;Platyhelminthes;Animalia
Rimacephalus pulvinar;TTAGGG;nucleus;EXPERIMENTAL;"<a href=""https://doi.org/10.1134/S1022795410090218"" target=""_blank"">Koroleva et al. 2021</a>";NA;NA;Rimacephalus pulvinar;Rimacephalus;Dendrocoelidae;Tricladida;NA;Platyhelminthes;Animalia
Sorocelis hepatizon;TTAGGG;nucleus;EXPERIMENTAL;"<a href=""https://doi.org/10.1134/S1022795410090218"" target=""_blank"">Koroleva et al. 2021</a>";NA;NA;Sorocelis hepatizon;Sorocelis;Dendrocoelidae;Tricladida;NA;Platyhelminthes;Animalia
Sorocelis nigrofasciata;TTAGGG;nucleus;EXPERIMENTAL;"<a href=""https://doi.org/10.1134/S1022795410090218"" target=""_blank"">Koroleva et al. 2021</a>";NA;NA;Sorocelis nigrofasciata;Sorocelis;Dendrocoelidae;Tricladida;NA;Platyhelminthes;Animalia
Phagocata sibrica;TTAGGG;nucleus;EXPERIMENTAL;"<a href=""https://doi.org/10.1134/S1022795410090218"" target=""_blank"">Koroleva et al. 2021</a>";NA;NA;Phagocata sibirica;Phagocata;Planariidae;Tricladida;NA;Platyhelminthes;Animalia
Botrytis cinerea;TTAGGG;nucleus;EXPERIMENTAL;"<a href=""https://doi.org/10.1111/j.1574-6968.1997.tb12783.x"" target=""_blank"">Levis et al. 1997</a>";NA;NA;Botrytis cinerea;Botrytis;Sclerotiniaceae;Helotiales;Leotiomycetes;Ascomycota;Fungi
Peterozyma toletana;TGTGTTGGTGG;nucleus;MODEL;"<a href=""https://doi.org/10.1093/gbe/evaa268"" target=""_blank"">Cervenak et al. 2021</a>";NA;NA;Peterozyma toletana;Peterozyma;Debaryomycetaceae;Saccharomycetales;Saccharomycetes;Ascomycota;Fungi
Colletotrichum scovillei;TTAGGG;nucleus;MODEL;"<a href=""https://doi.org/10.1094/MPMI-03-20-0055-A"" target=""_blank"">Huo et al. 2020</a>";NA;NA;Colletotrichum scovillei;Colletotrichum;Glomerellaceae;Glomerellales;Sordariomycetes;Ascomycota;Fungi
Trichoderma reesei;TTAGGG;nucleus;MODEL;"<a href=""https://doi.org/https://doi.org/10.1038/nbt1403"" target=""_blank"">Martinez et al. 2011</a>";NA;NA;Trichoderma reesei;Trichoderma;Hypocreaceae;Hypocreales;Sordariomycetes;Ascomycota;Fungi
Allium angulosum;CTCGGTTATGGG;nucleus;MODEL;"<a href=""https://doi.org/10.1093/nar/gkz695"" target=""_blank"">Fajkus et al. 2019</a>";NA;NA;Allium angulosum;Allium;Amaryllidaceae;Asparagales;Liliopsida;Tracheophyta;Plantae
Allium ericetorum;CTCGGTTATGGG;nucleus;MODEL;"<a href=""https://doi.org/10.1093/nar/gkz695"" target=""_blank"">Fajkus et al. 2019</a>";NA;NA;Allium ericetorum;Allium;Amaryllidaceae;Asparagales;Liliopsida;Tracheophyta;Plantae
Allium fistulosum;CTCGGTTATGGG;nucleus;MODEL;"<a href=""https://doi.org/10.1093/nar/gkz695"" target=""_blank"">Fajkus et al. 2019</a>";NA;NA;Allium fistulosum;Allium;Amaryllidaceae;Asparagales;Liliopsida;Tracheophyta;Plantae
Allium nutans;CTCGGTTATGGG;nucleus;MODEL;"<a href=""https://doi.org/10.1093/nar/gkz695"" target=""_blank"">Fajkus et al. 2019</a>";NA;NA;Allium nutans;Allium;Amaryllidaceae;Asparagales;Liliopsida;Tracheophyta;Plantae
Allium ursinum;CTCGGTTATGGG;nucleus;MODEL;"<a href=""https://doi.org/10.1093/nar/gkz695"" target=""_blank"">Fajkus et al. 2019</a>";NA;NA;Allium ursinum;Allium;Amaryllidaceae;Asparagales;Liliopsida;Tracheophyta;Plantae
Oryza sativa;TTTAGGG;nucleus;EXPERIMENTAL;"<a href=""https://doi.org/10.1007/BF00027371"" target=""_blank"">Wu and Tanksley 1993</a>";NA;NA;Oryza sativa;Oryza;Poaceae;Poales;Liliopsida;Tracheophyta;Plantae
Triticum aestivum cv. Chinese Spring;TTTAGGG;nucleus;EXPERIMENTAL;"<a href=""https://doi.org/10.1007/BF02344591"" target=""_blank"">Tsujimoto et al. 1993</a>";NA;NA;Triticum aestivum;Triticum;Poaceae;Poales;Liliopsida;Tracheophyta;Plantae
Rhodinius robustus;TTAGG;nucleus;MODEL;"<a href=""https://doi.org/10.26508/lsa.202101163"" target=""_blank"">Zhou et al. 2022</a>";NA;NA;Rhodnius robustus;Rhodnius;Reduviidae;Hemiptera;Insecta;Arthropoda;Animalia
Hippophae rhamnoides ssp. sinensis (wild);TTTAGGG;nucleus;EXPERIMENTAL;"<a href=""https://doi.org/10.3390/genes13071239"" target=""_blank"">Luo et al. 2022</a>";NA;NA;Hippophae rhamnoides;Hippophae;Elaeagnaceae;Rosales;Magnoliopsida;Tracheophyta;Plantae
Hippophae rhamnoides Wucifeng;TTTAGGG;nucleus;EXPERIMENTAL;"<a href=""https://doi.org/10.3390/genes13071239"" target=""_blank"">Luo et al. 2022</a>";NA;NA;Hippophae rhamnoides;Hippophae;Elaeagnaceae;Rosales;Magnoliopsida;Tracheophyta;Plantae
Hippophae rhamnoides Shenqiuhong;TTTAGGG;nucleus;EXPERIMENTAL;"<a href=""https://doi.org/10.3390/genes13071239"" target=""_blank"">Luo et al. 2022</a>";NA;NA;Hippophae rhamnoides;Hippophae;Elaeagnaceae;Rosales;Magnoliopsida;Tracheophyta;Plantae
Hippophae rhamnoides Zhuangyuanhuang;TTTAGGG;nucleus;EXPERIMENTAL;"<a href=""https://doi.org/10.3390/genes13071239"" target=""_blank"">Luo et al. 2022</a>";NA;NA;Hippophae rhamnoides;Hippophae;Elaeagnaceae;Rosales;Magnoliopsida;Tracheophyta;Plantae
Hippophae rhamnoides ssp. sinensis (cultural);TTTAGGG;nucleus;EXPERIMENTAL;"<a href=""https://doi.org/10.3390/genes13071239"" target=""_blank"">Luo et al. 2022</a>";NA;NA;Hippophae rhamnoides;Hippophae;Elaeagnaceae;Rosales;Magnoliopsida;Tracheophyta;Plantae
Lycopersicon esculentum;TTTAGGG;nucleus;EXPERIMENTAL;"<a href=""https://doi.org/10.2307/3869202"" target=""_blank"">Ganal et al. 1991</a>";NA;NA;Solanum lycopersicum;Solanum;Solanaceae;Solanales;Magnoliopsida;Tracheophyta;Plantae
Lycopersicon esculentum;TTAAGGG;nucleus;EXPERIMENTAL;"<a href=""https://doi.org/10.2307/3869202"" target=""_blank"">Ganal et al. 1991</a>";NA;NA;Solanum lycopersicum;Solanum;Solanaceae;Solanales;Magnoliopsida;Tracheophyta;Plantae
